{
  "attack_method": "nightshade",
  "target_concept": "cat",
  "destination_concept": "dog",
  "model_target": "sdxl, sd3, flux1.5dev",
  "total_samples": 125,
  "lpips_budget": 0.07,
  "feature_extractor": "clip-vit-l-14",
  "created_date": "2025-01-15",
  "merged_from_batches": 4,
  "batch_details": [
    {
      "batch_id": 1,
      "path": "/kaggle/input/datasets/itzagasta/poison-data2/nightshade_results1",
      "pkl": 25,
      "poisoned_jpg": 25,
      "selected_jpg": 50
    },
    {
      "batch_id": 2,
      "path": "/kaggle/input/datasets/itzagasta/poison-data2/nightshade_results_2",
      "pkl": 25,
      "poisoned_jpg": 25,
      "selected_jpg": 50
    },
    {
      "batch_id": 3,
      "path": "/kaggle/input/datasets/itzagasta/poison-data2/nightshade_result_4",
      "pkl": 50,
      "poisoned_jpg": 50,
      "selected_jpg": 50
    },
    {
      "batch_id": 4,
      "path": "/kaggle/input/datasets/itzagasta/poison-data2/nightshade_results_3",
      "pkl": 25,
      "poisoned_jpg": 25,
      "selected_jpg": 50
    }
  ],
  "file_structure": {
    "poisoned_pkl": "125 files (0.p to 124.p)",
    "poisoned_jpg": "125 files (0.jpg to 124.jpg)",
    "selected_jpg": "200 files (0.jpg to 199.jpg)"
  },
  "note": "poisoned_pkl contains (image, text, anchor) tuples. poisoned_jpg are visual outputs. selected_jpg are source cat images."
}